{
  "timing_stats": {
    "small": {
      "policy_network": {
        "mean": 0.11991381017651292,
        "std": 0.023389469060080558,
        "min": 0.1091880003514234,
        "max": 0.30690299900015816
      },
      "hungarian": {
        "mean": 0.02258834998428938,
        "std": 0.00685002741882224,
        "min": 0.011251999239902943,
        "max": 0.0462079988210462
      },
      "qp": {
        "mean": 0.008949870025389828,
        "std": 0.0013433937270750404,
        "min": 0.007799000741215423,
        "max": 0.018443999579176307
      },
      "total": {
        "mean": 0.15145203018619213,
        "std": 0.026674437758794314,
        "min": 0.13348699758353177,
        "max": 0.36141799864708446
      }
    },
    "medium": {
      "policy_network": {
        "mean": 0.19357600995135726,
        "std": 0.19782231878688314,
        "min": 0.12944599984621163,
        "max": 1.7581009997229557
      },
      "hungarian": {
        "mean": 0.3709287700439745,
        "std": 0.1749970612857859,
        "min": 0.12841100033256225,
        "max": 0.886037001691875
      },
      "qp": {
        "mean": 0.01136376993599697,
        "std": 0.001919177063457315,
        "min": 0.008820999937597662,
        "max": 0.018218999684904702
      },
      "total": {
        "mean": 0.5758685499313287,
        "std": 0.27570579873896706,
        "min": 0.2672279988473747,
        "max": 2.135080998414196
      }
    },
    "large": {
      "policy_network": {
        "mean": 0.1786421599172172,
        "std": 0.05282603257164175,
        "min": 0.13054600094619673,
        "max": 0.5192110002099071
      },
      "hungarian": {
        "mean": 0.7595544301511836,
        "std": 0.4309912909263348,
        "min": 0.2571870008978294,
        "max": 1.9227299999329261
      },
      "qp": {
        "mean": 0.01244042001417256,
        "std": 0.004153448844777318,
        "min": 0.008222999895224348,
        "max": 0.0356740001734579
      },
      "total": {
        "mean": 0.9506370100825734,
        "std": 0.45010734210046116,
        "min": 0.3999410000687931,
        "max": 2.1494890006579226
      }
    }
  },
  "experiment_configs": {
    "small": {
      "n_stations": 5,
      "p_max": 150.0,
      "arrival_rate": 0.5,
      "num_of_episodes": 500,
      "name": "small_scale_5_stations",
      "seed_offset": 0
    },
    "medium": {
      "n_stations": 50,
      "p_max": 150.0,
      "arrival_rate": 0.8,
      "num_of_episodes": 500,
      "name": "medium_scale_50_stations",
      "seed_offset": 1000
    },
    "large": {
      "n_stations": 100,
      "p_max": 150.0,
      "arrival_rate": 0.95,
      "num_of_episodes": 500,
      "name": "large_scale_100_stations",
      "seed_offset": 2000
    }
  },
  "base_config": {
    "lr_mu": 0.0005,
    "lr_q": 0.001,
    "gamma": 0.98,
    "batch_size": 128,
    "buffer_limit": 1000000,
    "tau": 0.005,
    "hidden_dim1": 128,
    "hidden_dim2": 64,
    "critic_hidden": 32,
    "memory_threshold": 500,
    "training_iterations": 20,
    "noise_params": {
      "theta": 0.1,
      "dt": 0.05,
      "sigma": 0.1
    },
    "seed": 42,
    "max_test_steps": 288,
    "print_interval": 20,
    "save_models": true,
    "num_timing_runs": 100
  },
  "timestamp": "20251218_131057"
}