{
  "work_energy": [
    9115.32534978331,
    8789.069858494184,
    8542.728027723466,
    8317.036132449006,
    8937.633884178404
  ],
  "idle_energy": [
    2647.1999999999925,
    2593.999999999992,
    2597.6999999999935,
    2610.649999999994,
    2634.1999999999935
  ],
  "total_energy": [
    11762.525349783304,
    11383.069858494175,
    11140.42802772346,
    10927.686132449,
    11571.833884178397
  ]
}