{
  "timing_stats": {
    "small": {
      "policy_network": {
        "mean": 0.13806883004690462,
        "std": 0.033728512080872464,
        "min": 0.11261500003456604,
        "max": 0.3572469995560823
      },
      "hungarian": {
        "mean": 0.003800000058618025,
        "std": 0.0016195626023217376,
        "min": 0.002503000359865837,
        "max": 0.018405999981041532
      },
      "qp": {
        "mean": 0.014593380055885063,
        "std": 0.0029505074153746195,
        "min": 0.010720000318542589,
        "max": 0.025032999474206008
      },
      "total": {
        "mean": 0.1564622101614077,
        "std": 0.03654481265070664,
        "min": 0.127942001199699,
        "max": 0.38815499920019647
      }
    },
    "medium": {
      "policy_network": {
        "mean": 0.2775577099964721,
        "std": 0.6110945368437563,
        "min": 0.12783200054400368,
        "max": 4.669416000069759
      },
      "hungarian": {
        "mean": 0.004403370012369123,
        "std": 0.0011412131270606576,
        "min": 0.003037000169570092,
        "max": 0.009716000022308435
      },
      "qp": {
        "mean": 0.014756529990336276,
        "std": 0.0028209167159132247,
        "min": 0.011819999599538278,
        "max": 0.030993000109447166
      },
      "total": {
        "mean": 0.2967176099991775,
        "std": 0.6136348504615892,
        "min": 0.1442400007363176,
        "max": 4.698504999396391
      }
    },
    "large": {
      "policy_network": {
        "mean": 0.3438312299658719,
        "std": 0.9023548468402272,
        "min": 0.1339899999948102,
        "max": 6.82653800049593
      },
      "hungarian": {
        "mean": 0.00508918001287384,
        "std": 0.0024070315100705075,
        "min": 0.0032790003388072364,
        "max": 0.016928000150073785
      },
      "qp": {
        "mean": 0.014651290066467482,
        "std": 0.0032526012064776244,
        "min": 0.012006999895675108,
        "max": 0.029525000172725413
      },
      "total": {
        "mean": 0.3635717000452132,
        "std": 0.9041925076296495,
        "min": 0.15054999948915793,
        "max": 6.854256001133763
      }
    }
  },
  "experiment_configs": {
    "small": {
      "n_stations": 5,
      "p_max": 150.0,
      "arrival_rate": 0.5,
      "num_of_episodes": 500,
      "name": "small_scale_5_stations",
      "seed_offset": 0
    },
    "medium": {
      "n_stations": 50,
      "p_max": 150.0,
      "arrival_rate": 0.8,
      "num_of_episodes": 500,
      "name": "medium_scale_50_stations",
      "seed_offset": 1000
    },
    "large": {
      "n_stations": 100,
      "p_max": 150.0,
      "arrival_rate": 0.95,
      "num_of_episodes": 500,
      "name": "large_scale_100_stations",
      "seed_offset": 2000
    }
  },
  "base_config": {
    "lr_mu": 0.0005,
    "lr_q": 0.001,
    "gamma": 0.98,
    "batch_size": 128,
    "buffer_limit": 1000000,
    "tau": 0.005,
    "hidden_dim1": 128,
    "hidden_dim2": 64,
    "critic_hidden": 32,
    "memory_threshold": 500,
    "training_iterations": 20,
    "noise_params": {
      "theta": 0.1,
      "dt": 0.05,
      "sigma": 0.1
    },
    "seed": 42,
    "max_test_steps": 288,
    "print_interval": 20,
    "save_models": true,
    "num_timing_runs": 100
  },
  "timestamp": "20251218_112423"
}