{
  "work_energy": [
    1712.9853519007588,
    1745.85881388638,
    1758.625961155487
  ],
  "idle_energy": [
    204.0,
    167.5,
    163.5
  ],
  "total_energy": [
    1916.9853519007588,
    1913.35881388638,
    1922.125961155487
  ]
}