{
  "work_energy": [
    9427.450330629103,
    9562.119887700539,
    8644.410091413118,
    9907.078056213226,
    7968.8136101404825
  ],
  "idle_energy": [
    2188.028755772855,
    2136.4789227228594,
    2356.40083760768,
    2091.823643112553,
    2225.069353708995
  ],
  "total_energy": [
    11615.479086401958,
    11698.598810423398,
    11000.810929020798,
    11998.90169932578,
    10193.882963849477
  ]
}