{
  "work_energy": [
    4490.644191339009,
    4433.117807610109,
    4192.487859657936,
    4437.109165493957,
    4297.537602213174
  ],
  "idle_energy": [
    1261.3500000000008,
    1381.6000000000006,
    1329.7500000000005,
    1407.2000000000007,
    1333.8500000000004
  ],
  "total_energy": [
    5751.99419133901,
    5814.717807610109,
    5522.2378596579365,
    5844.309165493958,
    5631.387602213174
  ]
}