{
  "work_energy": [
    3502.188025489751,
    3313.8520572484945,
    3131.724959778708
  ],
  "idle_energy": [
    526.6621429724327,
    494.6660195342009,
    411.11407645501436
  ],
  "total_energy": [
    4028.850168462184,
    3808.5180767826955,
    3542.8390362337223
  ]
}