{
  "work_energy": [
    4288.9005289592105,
    4403.9701983671375,
    4294.257022628278,
    4663.121014290879,
    4200.64786206868
  ],
  "idle_energy": [
    1076.450000000001,
    1025.7000000000007,
    1019.3000000000006,
    978.4000000000005,
    1153.1500000000008
  ],
  "total_energy": [
    5365.350528959211,
    5429.670198367138,
    5313.557022628278,
    5641.52101429088,
    5353.797862068681
  ]
}