{
  "work_energy": [
    11017.985686853435,
    11221.11003994148,
    7850.208274506572,
    11128.474822403996,
    10956.922445720713
  ],
  "idle_energy": [
    1722.5,
    1675.0,
    1791.0000000000002,
    1726.0000000000002,
    1725.5
  ],
  "total_energy": [
    12740.485686853435,
    12896.11003994148,
    9641.208274506573,
    12854.474822403996,
    12682.422445720713
  ]
}