{
  "work_energy": [
    9246.183249675154,
    8955.145005514232,
    8355.176204095416,
    8554.187228987563,
    8591.101564356006
  ],
  "idle_energy": [
    2308.9999999999914,
    2353.1999999999925,
    2375.0499999999947,
    2345.6999999999935,
    2369.799999999994
  ],
  "total_energy": [
    11555.183249675145,
    11308.345005514224,
    10730.226204095412,
    10899.887228987556,
    10960.901564356
  ]
}