{
  "work_energy": [
    1608.1597917035167,
    1688.7685062608346,
    1448.6522884395163
  ],
  "idle_energy": [
    292.71466748453173,
    370.32423769242115,
    392.32148911757395
  ],
  "total_energy": [
    1900.8744591880484,
    2059.0927439532556,
    1840.9737775570902
  ]
}