{
  "timestamp": "20260113_210957",
  "device": "cuda",
  "num_train_episodes": 2,
  "num_test_steps": 50,
  "scales": {
    "City_3_5": {
      "training": {
        "scale_name": "City_3_5",
        "num_intersections": 15,
        "state_size": 105,
        "action_size": 30,
        "training_time": 51.788530111312866,
        "final_avg_reward": -18023.600000000002,
        "final_avg_travel_time": 1763.466111111111,
        "model_path": "/home/one/Project/LIRL/LIRL-CPS-main/CityFlow/outputs/scale_benchmark/scale_benchmark_20260113_210957/City_3_5/model.pt"
      },
      "timing": {
        "scale_name": "City_3_5",
        "num_intersections": 15,
        "num_steps": 50,
        "device": "cuda",
        "timing_stats": {
          "nn_inference": {
            "mean": 0.8420117595233023,
            "std": 0.5261611811975423,
            "min": 0.4087660927325487,
            "max": 2.2159370128065348,
            "count": 50
          },
          "discrete_mapping": {
            "mean": 0.16355514526367188,
            "std": 0.03605894578616825,
            "min": 0.10419008322060108,
            "max": 0.2834942424669862,
            "count": 50
          },
          "continuous_mapping": {
            "mean": 0.14231973327696323,
            "std": 0.030004324822710073,
            "min": 0.12072315439581871,
            "max": 0.2564572496339679,
            "count": 50
          },
          "projection": {
            "mean": 0.4887558775953948,
            "std": 0.08269574345686921,
            "min": 0.3747609443962574,
            "max": 0.7465300150215626,
            "count": 50
          },
          "total_decision": {
            "mean": 1.340842756908387,
            "std": 0.5434846710086187,
            "min": 0.7908000843599439,
            "max": 2.6831760769709945,
            "count": 50
          }
        }
      }
    },
    "City_5_10": {
      "training": {
        "scale_name": "City_5_10",
        "num_intersections": 50,
        "state_size": 350,
        "action_size": 100,
        "training_time": 118.90112400054932,
        "final_avg_reward": -8341.95,
        "final_avg_travel_time": 1747.5376018518518,
        "model_path": "/home/one/Project/LIRL/LIRL-CPS-main/CityFlow/outputs/scale_benchmark/scale_benchmark_20260113_210957/City_5_10/model.pt"
      },
      "timing": {
        "scale_name": "City_5_10",
        "num_intersections": 50,
        "num_steps": 50,
        "device": "cuda",
        "timing_stats": {
          "nn_inference": {
            "mean": 0.9439871576614678,
            "std": 0.6746545775099808,
            "min": 0.47208997420966625,
            "max": 2.8155710315331817,
            "count": 50
          },
          "discrete_mapping": {
            "mean": 0.551768692675978,
            "std": 0.13526696394829646,
            "min": 0.32172189094126225,
            "max": 0.8767563849687576,
            "count": 50
          },
          "continuous_mapping": {
            "mean": 0.4287408571690321,
            "std": 0.09906296143830988,
            "min": 0.3443651366978884,
            "max": 0.6973670097067952,
            "count": 50
          },
          "projection": {
            "mean": 1.402932705823332,
            "std": 0.2986884968084639,
            "min": 1.0117330821231008,
            "max": 2.0815860480070114,
            "count": 50
          },
          "total_decision": {
            "mean": 2.366113516036421,
            "std": 0.7721819425953469,
            "min": 1.5517760766670108,
            "max": 4.179636016488075,
            "count": 50
          }
        }
      }
    },
    "City_10_10": {
      "training": {
        "scale_name": "City_10_10",
        "num_intersections": 100,
        "state_size": 700,
        "action_size": 200,
        "training_time": 177.42149186134338,
        "final_avg_reward": -8974.325,
        "final_avg_travel_time": 1792.8897708333334,
        "model_path": "/home/one/Project/LIRL/LIRL-CPS-main/CityFlow/outputs/scale_benchmark/scale_benchmark_20260113_210957/City_10_10/model.pt"
      },
      "timing": {
        "scale_name": "City_10_10",
        "num_intersections": 100,
        "num_steps": 50,
        "device": "cuda",
        "timing_stats": {
          "nn_inference": {
            "mean": 0.9035704517737031,
            "std": 0.6339833573743222,
            "min": 0.47683599404990673,
            "max": 3.3749520080164075,
            "count": 50
          },
          "discrete_mapping": {
            "mean": 1.097076814621687,
            "std": 0.21435531007984626,
            "min": 0.6343511631712317,
            "max": 1.646900549530983,
            "count": 50
          },
          "continuous_mapping": {
            "mean": 0.7794743659906089,
            "std": 0.14543002048943146,
            "min": 0.6608652183786035,
            "max": 1.1537690879777074,
            "count": 50
          },
          "projection": {
            "mean": 2.57864102255553,
            "std": 0.46389672807749344,
            "min": 1.8804660066962242,
            "max": 3.9040810661390424,
            "count": 50
          },
          "total_decision": {
            "mean": 3.5183641081675887,
            "std": 0.8449011688429868,
            "min": 2.3823099909350276,
            "max": 6.479574018158019,
            "count": 50
          }
        }
      }
    }
  }
}