{
  "work_energy": [
    3785.002166252687,
    5389.862346283468,
    5030.122584187209,
    5101.106045101269,
    4952.912407932451
  ],
  "idle_energy": [
    1079.2533957869746,
    947.0633417195644,
    1064.1218346953392,
    1008.7458478719923,
    1021.4769453927879
  ],
  "total_energy": [
    4864.2555620396615,
    6336.925688003032,
    6094.244418882548,
    6109.851892973262,
    5974.389353325239
  ]
}