{
  "work_energy": [
    1603.4805286278752,
    1517.8549852909246,
    1248.8438113440359
  ],
  "idle_energy": [
    155.65000000000012,
    154.30000000000004,
    258.15000000000003
  ],
  "total_energy": [
    1759.1305286278753,
    1672.1549852909245,
    1506.993811344036
  ]
}