{
  "work_energy": [
    8594.011488486707,
    8992.587199249192,
    8824.457123330645,
    8586.974074337073,
    8703.763367224748
  ],
  "idle_energy": [
    2036.9499999999953,
    2008.0499999999956,
    2026.0499999999945,
    2015.3499999999945,
    2069.8499999999963
  ],
  "total_energy": [
    10630.961488486702,
    11000.637199249188,
    10850.507123330639,
    10602.324074337068,
    10773.613367224745
  ]
}