{
  "work_energy": [
    1769.227904257503,
    1872.5507628868584,
    1575.6914597982645
  ],
  "idle_energy": [
    91.50000000000006,
    103.99999999999999,
    125.0
  ],
  "total_energy": [
    1860.727904257503,
    1976.5507628868584,
    1700.6914597982645
  ]
}