{
  "timestamp": "20251218_024228",
  "experiments": {
    "small": {
      "config": {
        "num_of_jobs": 100,
        "num_of_robots": 5
      },
      "training_time": 833.4961199760437,
      "timing": {
        "network_forward_ms": 0.2895240302721504,
        "hungarian_ms": 0.003029522916767746,
        "qp_ms": 0.3545837520447094,
        "total_decision_ms": 1.2850469500932378
      }
    },
    "medium": {
      "config": {
        "num_of_jobs": 100,
        "num_of_robots": 50
      },
      "training_time": 1016.0730903148651,
      "timing": {
        "network_forward_ms": 0.2746491212164983,
        "hungarian_ms": 0.013967093749670312,
        "qp_ms": 0.35368004814372395,
        "total_decision_ms": 2.2668512522766835
      }
    },
    "large": {
      "config": {
        "num_of_jobs": 1000,
        "num_of_robots": 100
      },
      "training_time": 27949.872918128967,
      "timing": {
        "network_forward_ms": 0.30580276904511267,
        "hungarian_ms": 0.11349702512263321,
        "qp_ms": 0.3619821987708565,
        "total_decision_ms": 7.5408966740255705
      }
    }
  }
}