{
  "Original": {
    "evaluation": {
      "mean_reward": 10287.433333333325,
      "std_reward": 0.0,
      "mean_travel_time": 1518.1680555555556,
      "std_travel_time": 0.0,
      "mean_throughput": 23918.0,
      "std_throughput": 0.0,
      "all_rewards": [
        10287.433333333325,
        10287.433333333325
      ],
      "all_travel_times": [
        1518.1680555555556,
        1518.1680555555556
      ],
      "all_throughputs": [
        23918,
        23918
      ]
    },
    "description": "Performance of the pretrained model in the original environment."
  },
  "Constrained (No Retrain)": {
    "evaluation": {
      "mean_reward": 10287.433333333325,
      "std_reward": 0.0,
      "mean_travel_time": 1518.1680555555556,
      "std_travel_time": 0.0,
      "mean_throughput": 23918.0,
      "std_throughput": 0.0,
      "all_rewards": [
        10287.433333333325,
        10287.433333333325
      ],
      "all_travel_times": [
        1518.1680555555556,
        1518.1680555555556
      ],
      "all_throughputs": [
        23918,
        23918
      ]
    },
    "description": "Accident at intersection_1_1; only the action projection is modified (no retraining)."
  },
  "Constrained (Transfer)": {
    "evaluation": {
      "mean_reward": 26398.666666666664,
      "std_reward": 0.0,
      "mean_travel_time": 1378.2010416666667,
      "std_travel_time": 0.0,
      "mean_throughput": 35460.0,
      "std_throughput": 0.0,
      "all_rewards": [
        26398.666666666664,
        26398.666666666664
      ],
      "all_travel_times": [
        1378.2010416666667,
        1378.2010416666667
      ],
      "all_throughputs": [
        35460,
        35460
      ]
    },
    "transfer_learning": {
      "episode_rewards": [
        -10292.5,
        -18067.300000000036,
        -8384.36666666666,
        -11456.400000000001,
        -11586.16666666667,
        -6449.800000000001,
        -3353.666666666671,
        12222.23333333332,
        25224.233333333334,
        26398.666666666664
      ],
      "episode_travel_times": [
        1737.1769791666666,
        1743.071875,
        1652.7049305555556,
        1677.6854513888889,
        1668.2553819444445,
        1616.7146180555555,
        1582.2496875,
        1472.4597916666667,
        1380.009826388889,
        1378.2010416666667
      ],
      "episode_throughputs": [
        9533,
        3426,
        10502,
        8257,
        8058,
        12239,
        14251,
        25608,
        34691,
        35460
      ],
      "total_episodes": 10,
      "total_time": 217.3227198123932,
      "convergence_episode": 8,
      "convergence_time": 181.47778725624084,
      "final_throughput": 24449.8,
      "final_travel_time": 1485.9269930555554
    },
    "description": "Performance after transfer learning in the constrained environment."
  }
}