{
  "work_energy": [
    3086.763503023593,
    3124.2570437413838,
    3189.9707931023254
  ],
  "idle_energy": [
    645.1631626500745,
    687.8680412927642,
    563.288023150293
  ],
  "total_energy": [
    3731.9266656736672,
    3812.125085034148,
    3753.2588162526185
  ]
}