{
  "work_energy": [
    10532.851929857894,
    10320.659895933626,
    10820.728165340925,
    10302.211828517784,
    10198.249449776002
  ],
  "idle_energy": [
    1332.0,
    1325.0000000000011,
    1387.500000000001,
    1368.000000000001,
    1395.0000000000005
  ],
  "total_energy": [
    11864.851929857894,
    11645.659895933628,
    12208.228165340926,
    11670.211828517786,
    11593.249449776002
  ]
}