{
  "work_energy": [
    5339.27219729533,
    5407.962056983113,
    5066.8173881907305,
    5170.006728098102,
    5103.29226414585
  ],
  "idle_energy": [
    504.4999999999998,
    471.0000000000001,
    511.9999999999998,
    478.5000000000002,
    503.9999999999998
  ],
  "total_energy": [
    5843.77219729533,
    5878.962056983113,
    5578.8173881907305,
    5648.506728098102,
    5607.29226414585
  ]
}