{
  "work_energy": [
    11127.366175158455,
    11040.108281873938,
    7849.273780441124,
    10932.56906850481,
    11219.994167113324
  ],
  "idle_energy": [
    1726.0878082197066,
    1715.0896609350916,
    1791.0343848314415,
    1733.080431853139,
    1675.0865033660925
  ],
  "total_energy": [
    12853.453983378162,
    12755.197942809029,
    9640.308165272565,
    12665.64950035795,
    12895.080670479416
  ]
}