{
  "work_energy": [
    1555.810076040245,
    1242.6465061062531,
    1725.3878714677962
  ],
  "idle_energy": [
    309.2653292994947,
    540.5661473032089,
    317.7436461709439
  ],
  "total_energy": [
    1865.0754053397395,
    1783.212653409462,
    2043.1315176387402
  ]
}