{
  "work_energy": [
    5281.94887061606,
    5254.909055663279,
    4921.3730027614,
    4876.036641779311,
    5753.083063893075
  ],
  "idle_energy": [
    714.4999999999999,
    689.4999999999999,
    742.9999999999998,
    764.0,
    648.9999999999999
  ],
  "total_energy": [
    5996.44887061606,
    5944.409055663279,
    5664.3730027614,
    5640.036641779311,
    6402.083063893075
  ]
}