{
  "Original": {
    "evaluation": {
      "mean_reward": 10287.433333333323,
      "std_reward": 1.8189894035458565e-12,
      "mean_travel_time": 1518.1680555555556,
      "std_travel_time": 0.0,
      "mean_throughput": 23918.0,
      "std_throughput": 0.0,
      "mean_violations": 0.0,
      "std_violations": 0.0,
      "mean_violation_rate": 0.0,
      "std_violation_rate": 0.0,
      "all_rewards": [
        10287.433333333325,
        10287.433333333325,
        10287.433333333325,
        10287.433333333325,
        10287.433333333325,
        10287.433333333325,
        10287.433333333325,
        10287.433333333325,
        10287.433333333325,
        10287.433333333325
      ],
      "all_travel_times": [
        1518.1680555555556,
        1518.1680555555556,
        1518.1680555555556,
        1518.1680555555556,
        1518.1680555555556,
        1518.1680555555556,
        1518.1680555555556,
        1518.1680555555556,
        1518.1680555555556,
        1518.1680555555556
      ],
      "all_throughputs": [
        23918,
        23918,
        23918,
        23918,
        23918,
        23918,
        23918,
        23918,
        23918,
        23918
      ],
      "all_violations": [
        0,
        0,
        0,
        0,
        0,
        0,
        0,
        0,
        0,
        0
      ],
      "all_violation_rates": [
        0.0,
        0.0,
        0.0,
        0.0,
        0.0,
        0.0,
        0.0,
        0.0,
        0.0,
        0.0
      ]
    },
    "description": "Pre-trained model performance in original environment"
  },
  "Constrained (No Retrain)": {
    "evaluation": {
      "mean_reward": -4506.6,
      "std_reward": 9.094947017729282e-13,
      "mean_travel_time": 1634.9465277777779,
      "std_travel_time": 0.0,
      "mean_throughput": 14563.0,
      "std_throughput": 0.0,
      "mean_violations": 0.0,
      "std_violations": 0.0,
      "mean_violation_rate": 0.0,
      "std_violation_rate": 0.0,
      "all_rewards": [
        -4506.600000000001,
        -4506.600000000001,
        -4506.600000000001,
        -4506.600000000001,
        -4506.600000000001,
        -4506.600000000001,
        -4506.600000000001,
        -4506.600000000001,
        -4506.600000000001,
        -4506.600000000001
      ],
      "all_travel_times": [
        1634.9465277777779,
        1634.9465277777779,
        1634.9465277777779,
        1634.9465277777779,
        1634.9465277777779,
        1634.9465277777779,
        1634.9465277777779,
        1634.9465277777779,
        1634.9465277777779,
        1634.9465277777779
      ],
      "all_throughputs": [
        14563,
        14563,
        14563,
        14563,
        14563,
        14563,
        14563,
        14563,
        14563,
        14563
      ],
      "all_violations": [
        0,
        0,
        0,
        0,
        0,
        0,
        0,
        0,
        0,
        0
      ],
      "all_violation_rates": [
        0.0,
        0.0,
        0.0,
        0.0,
        0.0,
        0.0,
        0.0,
        0.0,
        0.0,
        0.0
      ]
    },
    "description": "Accident at ['intersection_1_1', 'intersection_2_1', 'intersection_1_2'], only modified action projection"
  },
  "Constrained (Transfer)": {
    "evaluation": {
      "mean_reward": -1472.3666666666663,
      "std_reward": 0.0,
      "mean_travel_time": 1609.2508333333333,
      "std_travel_time": 0.0,
      "mean_throughput": 16836.0,
      "std_throughput": 0.0,
      "mean_violations": 0.0,
      "std_violations": 0.0,
      "mean_violation_rate": 0.0,
      "std_violation_rate": 0.0,
      "all_rewards": [
        -1472.3666666666663,
        -1472.3666666666663,
        -1472.3666666666663,
        -1472.3666666666663,
        -1472.3666666666663,
        -1472.3666666666663,
        -1472.3666666666663,
        -1472.3666666666663,
        -1472.3666666666663,
        -1472.3666666666663
      ],
      "all_travel_times": [
        1609.2508333333333,
        1609.2508333333333,
        1609.2508333333333,
        1609.2508333333333,
        1609.2508333333333,
        1609.2508333333333,
        1609.2508333333333,
        1609.2508333333333,
        1609.2508333333333,
        1609.2508333333333
      ],
      "all_throughputs": [
        16836,
        16836,
        16836,
        16836,
        16836,
        16836,
        16836,
        16836,
        16836,
        16836
      ],
      "all_violations": [
        0,
        0,
        0,
        0,
        0,
        0,
        0,
        0,
        0,
        0
      ],
      "all_violation_rates": [
        0.0,
        0.0,
        0.0,
        0.0,
        0.0,
        0.0,
        0.0,
        0.0,
        0.0,
        0.0
      ]
    },
    "transfer_learning": {
      "episode_rewards": [
        -16895.233333333348,
        -18646.533333333336,
        -18308.700000000004,
        -20263.066666666662,
        -18272.033333333347,
        -17760.000000000015,
        -15487.666666666659,
        -13306.3,
        -18754.033333333322,
        -18361.933333333356,
        -20067.466666666714,
        -18444.633333333328,
        -16705.500000000007,
        -19271.333333333292,
        -17208.666666666657,
        -16587.600000000002,
        -21706.80000000003,
        -16331.16666666668,
        -11207.06666666666,
        -14018.133333333339,
        -13040.266666666696,
        -18363.300000000003,
        -15678.533333333338,
        -12957.866666666667,
        -18455.066666666662,
        -15391.900000000005,
        -18861.53333333333,
        -11672.93333333333,
        -12617.933333333338,
        -13782.133333333328,
        -20220.433333333323,
        -14568.500000000002,
        -18865.233333333363,
        -16714.96666666666,
        -17941.166666666664,
        -15878.699999999993,
        -12458.133333333351,
        -13986.633333333339,
        -14365.366666666669,
        -15029.96666666669,
        -18711.90000000001,
        -16647.133333333324,
        -9547.366666666663,
        -14548.666666666662,
        -16920.333333333343,
        -5065.93333333333,
        -9857.066666666673,
        -12156.76666666666,
        -8468.466666666669,
        -12159.399999999996,
        -15871.800000000001,
        -9593.599999999997,
        -15076.733333333354,
        -12630.90000000001,
        -6936.000000000001,
        -5048.399999999999,
        -16129.800000000008,
        -16666.066666666666,
        -8726.4,
        -2735.6000000000013,
        -12266.400000000001,
        -12202.566666666653,
        -7880.699999999996,
        -6695.866666666669,
        -3516.7999999999984,
        -2711.5999999999995,
        -4504.899999999999,
        -1996.966666666666,
        -1499.5666666666673,
        -1648.7999999999993,
        -2543.8666666666654,
        -1472.3666666666663,
        -1517.5000000000005,
        -1472.3666666666663,
        -1472.3666666666663,
        -1472.3666666666663,
        -1472.3666666666663,
        -1472.3666666666663,
        -1472.3666666666663,
        -1472.3666666666663,
        -1492.2999999999995,
        -1472.3666666666663,
        -1568.2666666666662,
        -1472.3666666666663,
        -1477.2999999999997,
        -1472.3666666666663,
        -1484.833333333333,
        -1472.3666666666663,
        -1472.3666666666663,
        -1472.3666666666663,
        -1472.3666666666663,
        -1472.3666666666663,
        -1472.3666666666663,
        -1472.3666666666663,
        -1472.3666666666663,
        -1472.3666666666663,
        -1485.099999999999,
        -1472.3666666666663,
        -1472.3666666666663,
        -1472.3666666666663
      ],