{
  "work_energy": [
    4694.003363519762,
    5261.873732137316,
    5220.924055047791,
    5707.81091457283,
    5201.285679812871
  ],
  "idle_energy": [
    719.4471266167444,
    741.0078808349864,
    711.4878799851456,
    707.0067132350704,
    748.4633708725345
  ],
  "total_energy": [
    5413.450490136507,
    6002.881612972303,
    5932.4119350329365,
    6414.817627807901,
    5949.749050685406
  ]
}