{
  "work_energy": [
    1705.6461576718818,
    1807.563802566106,
    1704.2600756158804
  ],
  "idle_energy": [
    285.0000813467323,
    265.0000076634853,
    142.5000828303659
  ],
  "total_energy": [
    1990.646239018614,
    2072.563810229591,
    1846.7601584462464
  ]
}