{
  "work_energy": [
    3513.209968600328,
    3411.2923489974546,
    3510.4378343842764
  ],
  "idle_energy": [
    527.5000059913252,
    547.5001069342169,
    242.5001074487872
  ],
  "total_energy": [
    4040.709974591653,
    3958.7924559316716,
    3752.9379418330636
  ]
}