{
  "work_energy": [
    1384.2290122844167,
    1276.0371881965805,
    1709.9131247818382
  ],
  "idle_energy": [
    248.65000000000003,
    319.3,
    209.39999999999998
  ],
  "total_energy": [
    1632.8790122844168,
    1595.3371881965804,
    1919.3131247818383
  ]
}