{
  "work_energy": [
    3396.195603335699,
    3340.0553219665235,
    3500.3420012833917
  ],
  "idle_energy": [
    329.7346205150126,
    562.905786016051,
    556.4940895137654
  ],
  "total_energy": [
    3725.9302238507116,
    3902.9611079825745,
    4056.8360907971573
  ]
}