{
  "Lagrangian-PPO": {
    "training": {
      "episode_rewards": [
        -19504.066666666684,
        -20453.199999999997,
        -20911.100000000002
      ],
      "episode_travel_times": [
        1726.7935416666667,
        1729.1363541666667,
        1731.1552777777779
      ],
      "episode_throughputs": [
        6648,
        6265,
        6102
      ],
      "episode_violations": [
        599936,
        601408,
        596246
      ]
    },
    "evaluation": {
      "mean_reward": -14323.7333333333,
      "std_reward": 0.0,
      "mean_travel_time": 1801.0,
      "std_travel_time": 0.0,
      "mean_throughput": 34.0,
      "std_throughput": 0.0,
      "mean_violations": 6111.0,
      "std_violations": 0.0,
      "mean_violation_rate": 16.975,
      "std_violation_rate": 0.0,
      "all_rewards": [
        -14323.7333333333
      ],
      "all_travel_times": [
        1801.0
      ],
      "all_throughputs": [
        34
      ],
      "all_violations": [
        6111
      ]
    },
    "model_path": "/home/one/Project/LIRL/LIRL-CPS-main/CityFlow/outputs/algorithm_compare/run_20260114_093540/Lagrangian-PPO_model.pt"
  },
  "CPO": {
    "training": {
      "episode_rewards": [
        -19938.43333333333,
        -20916.366666666658,
        -20126.133333333342
      ],
      "episode_travel_times": [
        1739.279548611111,
        1745.3896527777779,
        1739.065
      ],
      "episode_throughputs": [
        5752,
        5762,
        5935
      ],
      "episode_violations": [
        596369,
        605147,
        605388
      ]
    },
    "evaluation": {
      "mean_reward": -15752.966666666567,
      "std_reward": 0.0,
      "mean_travel_time": 1801.0,
      "std_travel_time": 0.0,
      "mean_throughput": 136.0,
      "std_throughput": 0.0,
      "mean_violations": 5753.0,
      "std_violations": 0.0,
      "mean_violation_rate": 15.980555555555556,
      "std_violation_rate": 0.0,
      "all_rewards": [
        -15752.966666666567
      ],
      "all_travel_times": [
        1801.0
      ],
      "all_throughputs": [
        136
      ],
      "all_violations": [
        5753
      ]
    },
    "model_path": "/home/one/Project/LIRL/LIRL-CPS-main/CityFlow/outputs/algorithm_compare/run_20260114_093540/CPO_model.pt"
  }
}