{
  "work_energy": [
    2915.5827758416476,
    3038.315207494806,
    2786.460667189219
  ],
  "idle_energy": [
    547.1500000000002,
    671.3,
    572.3500000000003
  ],
  "total_energy": [
    3462.7327758416477,
    3709.615207494806,
    3358.810667189219
  ]
}