{
  "work_energy": [
    4368.441082514636,
    4554.311169798738,
    4239.1054357287685,
    3924.702421989017,
    4764.336516283024
  ],
  "idle_energy": [
    1114.0500000000009,
    1118.8500000000001,
    1076.7,
    1192.9000000000003,
    975.2499999999999
  ],
  "total_energy": [
    5482.491082514637,
    5673.161169798738,
    5315.805435728768,
    5117.602421989017,
    5739.586516283024
  ]
}