{
  "work_energy": [
    4247.207414897254,
    5505.504797706793,
    4974.031303975024,
    5283.467477307315,
    5377.3557890792845
  ],
  "idle_energy": [
    949.4998565579785,
    928.2676583881267,
    1038.0129980744791,
    1016.928822099421,
    978.0691460169311
  ],
  "total_energy": [
    5196.707271455232,
    6433.77245609492,
    6012.044302049502,
    6300.396299406736,
    6355.424935096215
  ]
}