{
  "work_energy": [
    1807.5638568474396,
    1705.6461844533517,
    1704.2600856418342
  ],
  "idle_energy": [
    264.99999999999994,
    285.00000000000006,
    142.5
  ],
  "total_energy": [
    2072.5638568474396,
    1990.6461844533517,
    1846.7600856418342
  ]
}