{
  "work_energy": [
    1488.3721562207704,
    1292.5361969794476,
    1589.2709720626176
  ],
  "idle_energy": [
    229.2000000000001,
    280.8000000000001,
    206.00000000000017
  ],
  "total_energy": [
    1717.5721562207705,
    1573.3361969794478,
    1795.2709720626178
  ]
}