{
  "work_energy": [
    3245.060943120776,
    2749.664282860233,
    3205.815398228229
  ],
  "idle_energy": [
    422.695610885508,
    785.1407895209264,
    551.7124743433665
  ],
  "total_energy": [
    3667.7565540062837,
    3534.8050723811593,
    3757.5278725715953
  ]
}