{
  "work_energy": [
    1539.5540166584706,
    1830.4438722763296,
    1847.4722380078258
  ],
  "idle_energy": [
    168.5,
    75.5,
    105.0
  ],
  "total_energy": [
    1708.0540166584706,
    1905.9438722763296,
    1952.4722380078258
  ]
}