{
  "work_energy": [
    1273.11199776116,
    1590.6538256613426,
    1506.4135018403333
  ],
  "idle_energy": [
    398.60000000000014,
    306.45000000000005,
    372.6
  ],
  "total_energy": [
    1671.71199776116,
    1897.1038256613426,
    1879.0135018403334
  ]
}