{
  "work_energy": [
    3263.788230322854,
    3375.6657929728426,
    3439.098026661166
  ],
  "idle_energy": [
    577.7831651555568,
    557.0677382057374,
    282.16543641321374
  ],
  "total_energy": [
    3841.5713954784105,
    3932.73353117858,
    3721.2634630743796
  ]
}