{
  "work_energy": [
    4538.18853535102,
    4856.719124701272,
    4052.7946146834092,
    4072.3783827312395,
    4330.815968847243
  ],
  "idle_energy": [
    1154.1000000000008,
    1013.7500000000006,
    1212.850000000001,
    1217.3000000000009,
    1138.500000000001
  ],
  "total_energy": [
    5692.288535351021,
    5870.469124701273,
    5265.6446146834105,
    5289.67838273124,
    5469.315968847244
  ]
}