{
  "work_energy": [
    11216.573363404017,
    10950.172770768395,
    11010.611559342946,
    11117.043240762447,
    7841.49620608257
  ],
  "idle_energy": [
    1677.4462123198382,
    1727.865099004671,
    1724.5993784535003,
    1727.9461546462744,
    1792.8890433067593
  ],
  "total_energy": [
    12894.019575723854,
    12678.037869773067,
    12735.210937796446,
    12844.98939540872,
    9634.38524938933
  ]
}