{
  "work_energy": [
    4434.181523549749,
    4386.482513725771,
    4305.875707130347,
    4384.901388298325,
    4339.455493609995
  ],
  "idle_energy": [
    808.7500000000002,
    775.4500000000003,
    837.3000000000008,
    767.3500000000006,
    778.1500000000011
  ],
  "total_energy": [
    5242.931523549749,
    5161.932513725771,
    5143.175707130348,
    5152.251388298326,
    5117.605493609996
  ]
}