{
  "work_energy": [
    4479.202707888418,
    4153.870717168305,
    4548.880537503481,
    4524.316650121732,
    4144.626013632249
  ],
  "idle_energy": [
    537.5999999999998,
    677.2500000000001,
    499.1999999999997,
    517.3499999999999,
    621.3500000000001
  ],
  "total_energy": [
    5016.802707888418,
    4831.120717168305,
    5048.080537503481,
    5041.666650121731,
    4765.976013632249
  ]
}