{
  "work_energy": [
    11127.719452832212,
    11017.539018293306,
    11220.966880721684,
    10956.293831004818,
    7849.283079247057
  ],
  "idle_energy": [
    1726.2456383175015,
    1722.7447570742465,
    1675.2797242034526,
    1725.7295766955285,
    1791.173794912354
  ],
  "total_energy": [
    12853.965091149714,
    12740.283775367552,
    12896.246604925136,
    12682.023407700346,
    9640.45687415941
  ]
}