{
  "work_energy": [
    1513.8636274070768,
    1246.767897259865,
    1609.547800595894
  ],
  "idle_energy": [
    327.2500000000001,
    536.2500000000001,
    300.25000000000006
  ],
  "total_energy": [
    1841.1136274070768,
    1783.017897259865,
    1909.797800595894
  ]
}