{
  "timing_stats": {
    "small": {
      "policy_network": {
        "mean": 0.12473299003431748,
        "std": 0.030370073223465622,
        "min": 0.11299699963274179,
        "max": 0.40665899996383814
      },
      "hungarian": {
        "mean": 0.024534579970350023,
        "std": 0.008924785598648413,
        "min": 0.011692000043694861,
        "max": 0.059404999774415046
      },
      "qp": {
        "mean": 0.009310409996032831,
        "std": 0.001298868955479197,
        "min": 0.008406999768340029,
        "max": 0.020885000594716985
      },
      "total": {
        "mean": 0.15857798000070034,
        "std": 0.03421276306903201,
        "min": 0.13503799982572673,
        "max": 0.46460000066872453
      }
    },
    "medium": {
      "policy_network": {
        "mean": 0.22591181001189398,
        "std": 0.6308630762625774,
        "min": 0.13186399974074448,
        "max": 6.467983000220556
      },
      "hungarian": {
        "mean": 0.31676741001319897,
        "std": 0.18499263654015194,
        "min": 0.136962000397034,
        "max": 1.1611330000960152
      },
      "qp": {
        "mean": 0.011201400020581787,
        "std": 0.00219564410266804,
        "min": 0.009141000191448256,
        "max": 0.019469000108074397
      },
      "total": {
        "mean": 0.5538806200456747,
        "std": 0.669748621324445,
        "min": 0.28708500030916184,
        "max": 6.886174000101164
      }
    },
    "large": {
      "policy_network": {
        "mean": 0.18995168999026646,
        "std": 0.3807041160320373,
        "min": 0.13719599974137964,
        "max": 3.974625999944692
      },
      "hungarian": {
        "mean": 0.6590571899778297,
        "std": 0.4856305490111746,
        "min": 0.2674549996299902,
        "max": 3.1283509997592773
      },
      "qp": {
        "mean": 0.010711529985201196,
        "std": 0.003105242786274657,
        "min": 0.008879999768396374,
        "max": 0.033709000490489416
      },
      "total": {
        "mean": 0.8597204099532973,
        "std": 0.7105271225497706,
        "min": 0.4227980007271981,
        "max": 6.1732960002700565
      }
    }
  },
  "experiment_configs": {
    "small": {
      "n_stations": 5,
      "p_max": 150.0,
      "arrival_rate": 0.5,
      "num_of_episodes": 500,
      "name": "small_scale_5_stations",
      "seed_offset": 0
    },
    "medium": {
      "n_stations": 50,
      "p_max": 150.0,
      "arrival_rate": 0.8,
      "num_of_episodes": 500,
      "name": "medium_scale_50_stations",
      "seed_offset": 1000
    },
    "large": {
      "n_stations": 100,
      "p_max": 150.0,
      "arrival_rate": 0.95,
      "num_of_episodes": 500,
      "name": "large_scale_100_stations",
      "seed_offset": 2000
    }
  },
  "base_config": {
    "lr_mu": 0.0005,
    "lr_q": 0.001,
    "gamma": 0.98,
    "batch_size": 128,
    "buffer_limit": 1000000,
    "tau": 0.005,
    "hidden_dim1": 128,
    "hidden_dim2": 64,
    "critic_hidden": 32,
    "memory_threshold": 500,
    "training_iterations": 20,
    "noise_params": {
      "theta": 0.1,
      "dt": 0.05,
      "sigma": 0.1
    },
    "seed": 42,
    "max_test_steps": 288,
    "print_interval": 20,
    "save_models": true,
    "num_timing_runs": 100
  },
  "timestamp": "20251218_114912"
}