{
  "work_energy": [
    1543.6319174469334,
    1671.0553533885266,
    1629.194698235657
  ],
  "idle_energy": [
    333.1305401488509,
    344.40857343852724,
    199.8834737690962
  ],
  "total_energy": [
    1876.7624575957843,
    2015.463926827054,
    1829.078172004753
  ]
}