{
  "work_energy": [
    1580.3237876648968,
    1578.8667557346675,
    1763.299612522965
  ],
  "idle_energy": [
    254.4991126419045,
    264.4784786687233,
    177.2766688764096
  ],
  "total_energy": [
    1834.8229003068013,
    1843.3452344033908,
    1940.5762813993745
  ]
}