{
  "work_energy": [
    4938.826114584938,
    5483.583005908035,
    5313.520847020823,
    5238.370970373577,
    5113.049696825752
  ],
  "idle_energy": [
    502.5,
    510.0,
    412.49999999999994,
    450.99999999999994,
    414.0
  ],
  "total_energy": [
    5441.326114584938,
    5993.583005908035,
    5726.020847020823,
    5689.370970373577,
    5527.049696825752
  ]
}