{
  "work_energy": [
    1711.252526747723,
    1681.1364497083048,
    1718.2418280386273
  ],
  "idle_energy": [
    295.08955521351965,
    157.34872690970667,
    281.1255762209367
  ],
  "total_energy": [
    2006.3420819612427,
    1838.4851766180113,
    1999.367404259564
  ]
}