{
  "work_energy": [
    4185.179955476237,
    4696.721357515644,
    4435.232215166888,
    4587.879065409348,
    4025.2112283690794
  ],
  "idle_energy": [
    1308.0742744356394,
    1235.0241093784564,
    1216.9599669724703,
    1191.0640749856832,
    1355.2226335331786
  ],
  "total_energy": [
    5493.254229911877,
    5931.7454668941,
    5652.192182139358,
    5778.943140395031,
    5380.433861902258
  ]
}