{
  "work_energy": [
    1695.031492916807,
    1348.3058042832622,
    1326.842028062766
  ],
  "idle_energy": [
    242.00000000000014,
    272.19999999999993,
    287.9000000000001
  ],
  "total_energy": [
    1937.0314929168073,
    1620.505804283262,
    1614.7420280627662
  ]
}