{
  "work_energy": [
    10615.304968623434,
    10333.022581491163,
    10242.722092171858,
    10508.686149796782,
    10474.965477342987
  ],
  "idle_energy": [
    1227.000000000001,
    1257.5000000000005,
    1265.000000000001,
    1141.0000000000005,
    1297.0
  ],
  "total_energy": [
    11842.304968623434,
    11590.522581491163,
    11507.722092171858,
    11649.686149796782,
    11771.965477342987
  ]
}