{
  "work_energy": [
    4956.0186986386525,
    5489.011544708935,
    5412.62925837747,
    5386.816104230539,
    4842.688941189407
  ],
  "idle_energy": [
    762.0036127604261,
    719.0040310522775,
    731.0036433574679,
    758.0031707954206,
    800.002547194712
  ],
  "total_energy": [
    5718.022311399079,
    6208.015575761212,
    6143.632901734938,
    6144.8192750259595,
    5642.691488384119
  ]
}