{
  "work_energy": [
    10748.794738162645,
    10881.282047150951,
    10128.17199673021,
    10202.102719311344,
    10214.349768071072
  ],
  "idle_energy": [
    1297.0,
    1242.000000000001,
    1406.0000000000011,
    1399.5000000000016,
    1325.5000000000014
  ],
  "total_energy": [
    12045.794738162645,
    12123.282047150951,
    11534.171996730212,
    11601.602719311346,
    11539.849768071073
  ]
}