{
  "work_energy": [
    3406.0159104715417,
    3491.413379500116,
    3537.51096391359
  ],
  "idle_energy": [
    494.9999999999999,
    405.99999999999994,
    323.49999999999994
  ],
  "total_energy": [
    3901.0159104715417,
    3897.413379500116,
    3861.01096391359
  ]
}