{
  "work_energy": [
    10517.241892004611,
    10173.322325543148,
    10721.450674937223,
    11191.600651808603,
    9571.085725132632
  ],
  "idle_energy": [
    1394.5000000000014,
    1323.5000000000014,
    1294.5000000000002,
    1240.5,
    1432.0
  ],
  "total_energy": [
    11911.741892004613,
    11496.82232554315,
    12015.950674937223,
    12432.100651808603,
    11003.085725132632
  ]
}