{
  "work_energy": [
    2936.745217808136,
    2609.8134823921223,
    3193.7999503254146
  ],
  "idle_energy": [
    439.70000000000056,
    695.0000000000009,
    381.0000000000005
  ],
  "total_energy": [
    3376.445217808137,
    3304.813482392123,
    3574.799950325415
  ]
}