{
  "work_energy": [
    3810.4548479604236,
    3247.6363482685033,
    3376.8490576563213
  ],
  "idle_energy": [
    267.4999999999999,
    285.4999999999998,
    314.49999999999994
  ],
  "total_energy": [
    4077.9548479604236,
    3533.136348268503,
    3691.3490576563213
  ]
}