{
  "work_energy": [
    2756.3057628192905,
    2842.6210992695214,
    3141.431788436861
  ],
  "idle_energy": [
    582.2500000000002,
    622.9500000000003,
    468.6000000000001
  ],
  "total_energy": [
    3338.555762819291,
    3465.5710992695217,
    3610.031788436861
  ]
}