{
  "work_energy": [
    8490.540419850127,
    8730.122734030758,
    7588.714057134809,
    9936.086454328444,
    8956.329587284235
  ],
  "idle_energy": [
    2132.199999999994,
    2114.799999999996,
    2439.4999999999945,
    1962.349999999995,
    2105.1499999999946
  ],
  "total_energy": [
    10622.74041985012,
    10844.922734030753,
    10028.214057134803,
    11898.43645432844,
    11061.47958728423
  ]
}