{
  "work_energy": [
    3219.0956011917883,
    3123.411428002971,
    2397.8516213309135
  ],
  "idle_energy": [
    550.7500000000005,
    577.7500000000003,
    1049.7500000000005
  ],
  "total_energy": [
    3769.845601191789,
    3701.1614280029717,
    3447.601621330914
  ]
}