{
  "work_energy": [
    2980.43425047981,
    2836.0422222862217,
    2923.8821777596413
  ],
  "idle_energy": [
    567.0000000000005,
    458.65000000000043,
    477.6000000000005
  ],
  "total_energy": [
    3547.4342504798105,
    3294.692222286222,
    3401.4821777596417
  ]
}