{
  "work_energy": [
    9181.16885324371,
    8807.448875449716,
    8518.322893307877,
    8895.484736834638,
    8299.367893792425
  ],
  "idle_energy": [
    2196.099999999993,
    2135.999999999994,
    2324.8499999999945,
    2095.5499999999947,
    2232.249999999996
  ],
  "total_energy": [
    11377.268853243702,
    10943.44887544971,
    10843.172893307872,
    10991.034736834634,
    10531.617893792421
  ]
}