{
  "Original": {
    "evaluation": {
      "mean_reward": 10287.433333333325,
      "std_reward": 0.0,
      "mean_travel_time": 1518.1680555555556,
      "std_travel_time": 0.0,
      "mean_throughput": 23918.0,
      "std_throughput": 0.0,
      "mean_violations": 0.0,
      "std_violations": 0.0,
      "mean_violation_rate": 0.0,
      "std_violation_rate": 0.0,
      "all_rewards": [
        10287.433333333325,
        10287.433333333325,
        10287.433333333325
      ],
      "all_travel_times": [
        1518.1680555555556,
        1518.1680555555556,
        1518.1680555555556
      ],
      "all_throughputs": [
        23918,
        23918,
        23918
      ],
      "all_violations": [
        0,
        0,
        0
      ],
      "all_violation_rates": [
        0.0,
        0.0,
        0.0
      ]
    },
    "description": "Pre-trained model performance in original environment"
  },
  "Constrained (No Retrain)": {
    "evaluation": {
      "mean_reward": -3506.733333333332,
      "std_reward": 4.547473508864641e-13,
      "mean_travel_time": 1633.4053472222222,
      "std_travel_time": 0.0,
      "mean_throughput": 14643.0,
      "std_throughput": 0.0,
      "mean_violations": 0.0,
      "std_violations": 0.0,
      "mean_violation_rate": 0.0,
      "std_violation_rate": 0.0,
      "all_rewards": [
        -3506.7333333333327,
        -3506.7333333333327,
        -3506.7333333333327
      ],
      "all_travel_times": [
        1633.4053472222222,
        1633.4053472222222,
        1633.4053472222222
      ],
      "all_throughputs": [
        14643,
        14643,
        14643
      ],
      "all_violations": [
        0,
        0,
        0
      ],
      "all_violation_rates": [
        0.0,
        0.0,
        0.0
      ]
    },
    "description": "Accident at intersection_1_1, only modified action projection"
  },
  "Constrained (Transfer)": {
    "evaluation": {
      "mean_reward": -3506.9333333333325,
      "std_reward": 0.0,
      "mean_travel_time": 1633.4053472222222,
      "std_travel_time": 0.0,
      "mean_throughput": 14643.0,
      "std_throughput": 0.0,
      "mean_violations": 0.0,
      "std_violations": 0.0,
      "mean_violation_rate": 0.0,
      "std_violation_rate": 0.0,
      "all_rewards": [
        -3506.9333333333325,
        -3506.9333333333325,
        -3506.9333333333325
      ],
      "all_travel_times": [
        1633.4053472222222,
        1633.4053472222222,
        1633.4053472222222
      ],
      "all_throughputs": [
        14643,
        14643,
        14643
      ],
      "all_violations": [
        0,
        0,
        0
      ],
      "all_violation_rates": [
        0.0,
        0.0,
        0.0
      ]
    },
    "transfer_learning": {
      "episode_rewards": [
        -15160.066666666666,
        -20983.866666666658,
        -17364.39999999999,
        -19709.933333333327,
        -6236.7333333333345
      ],
      "episode_travel_times": [
        1756.3803125,
        1778.1970833333332,
        1735.2540972222223,
        1765.2652083333332,
        1643.9628472222223
      ],
      "episode_throughputs": [
        6440,
        1900,
        4956,
        2968,
        12807
      ],
      "total_episodes": 5,
      "total_time": 124.331472158432,
      "convergence_episode": null,
      "convergence_time": null,
      "final_throughput": 5814.2,
      "final_travel_time": 1735.811909722222
    },
    "description": "Performance after transfer learning in constrained environment"
  }
}