{
  "work_energy": [
    1301.68822821243,
    1474.162599655513,
    1594.3284973948928
  ],
  "idle_energy": [
    125.6,
    106.49999999999994,
    112.65000000000002
  ],
  "total_energy": [
    1427.2882282124299,
    1580.662599655513,
    1706.9784973948929
  ]
}