{
  "work_energy": [
    10037.112686732775,
    11053.766664935976,
    10801.89771463216,
    9639.403210085544,
    10642.162828124377
  ],
  "idle_energy": [
    1249.0059705926521,
    1217.4950522902068,
    1194.006336158166,
    1298.991023847463,
    1218.0057724725898
  ],
  "total_energy": [
    11286.118657325427,
    12271.261717226183,
    11995.904050790326,
    10938.394233933006,
    11860.168600596968
  ]
}