{
  "work_energy": [
    1267.3975237749128,
    1645.3813244559426,
    1532.0477515406828
  ],
  "idle_energy": [
    458.749627905432,
    277.9842856191099,
    261.7243304126896
  ],
  "total_energy": [
    1726.147151680345,
    1923.3656100750525,
    1793.7720819533724
  ]
}