{
  "work_energy": [
    2946.429839242071,
    3256.5578786574724,
    2537.37093262613
  ],
  "idle_energy": [
    416.7499999999999,
    337.5500000000003,
    411.1500000000004
  ],
  "total_energy": [
    3363.179839242071,
    3594.1078786574726,
    2948.5209326261306
  ]
}