{
  "work_energy": [
    10467.45828039098,
    10716.751560196988,
    9832.956352319057,
    10766.832406628962,
    10390.702669890234
  ],
  "idle_energy": [
    1196.5,
    1252.0,
    1177.9999999999998,
    1210.5,
    1242.9999999999998
  ],
  "total_energy": [
    11663.95828039098,
    11968.751560196988,
    11010.956352319057,
    11977.332406628962,
    11633.702669890234
  ]
}