{
  "work_energy": [
    1757.0202273019859,
    1791.125984996673,
    1669.3239146439669
  ],
  "idle_energy": [
    78.00000000000001,
    93.50000000000006,
    83.0
  ],
  "total_energy": [
    1835.0202273019859,
    1884.625984996673,
    1752.3239146439669
  ]
}