{
  "work_energy": [
    1442.3057896193468,
    1487.8571982417518,
    1440.0163374017375
  ],
  "idle_energy": [
    158.75,
    148.1,
    175.74999999999994
  ],
  "total_energy": [
    1601.0557896193468,
    1635.9571982417517,
    1615.7663374017375
  ]
}