{
  "work_energy": [
    11057.22769226403,
    10779.203365476853,
    7902.104172935961,
    10934.263074221048,
    10802.379580028422
  ],
  "idle_energy": [
    1702.8913136782646,
    1772.6597883784316,
    1828.2967170754664,
    1730.0781519873647,
    1773.4407605778947
  ],
  "total_energy": [
    12760.119005942295,
    12551.863153855284,
    9730.400890011428,
    12664.341226208413,
    12575.820340606317
  ]
}