{
  "work_energy": [
    1742.74755961831,
    1723.2830467301324,
    1751.439520594183
  ],
  "idle_energy": [
    195.0,
    275.50000000000006,
    221.99999999999994
  ],
  "total_energy": [
    1937.74755961831,
    1998.7830467301324,
    1973.439520594183
  ]
}