{
  "work_energy": [
    3510.4378436777542,
    3411.292368906703,
    3513.2100413007906
  ],
  "idle_energy": [
    242.5,
    547.5,
    527.5
  ],
  "total_energy": [
    3752.9378436777542,
    3958.792368906703,
    4040.7100413007906
  ]
}