{
  "work_energy": [
    3673.974442712904,
    3364.233431773754,
    3396.7323793985897
  ],
  "idle_energy": [
    316.0,
    323.5000000000001,
    234.0
  ],
  "total_energy": [
    3989.974442712904,
    3687.733431773754,
    3630.7323793985897
  ]
}