{
  "work_energy": [
    3509.3232026511137,
    3507.8174132567992,
    3406.2776131876144
  ],
  "idle_energy": [
    528.167294056327,
    243.20441105597627,
    548.1259282972877
  ],
  "total_energy": [
    4037.490496707441,
    3751.0218243127756,
    3954.4035414849022
  ]
}