{
  "work_energy": [
    9016.822315956522,
    8785.132469914233,
    8997.9073558363,
    8197.77601746513,
    8704.155093456184
  ],
  "idle_energy": [
    2147.049999999994,
    2249.8499999999935,
    2218.0999999999945,
    2355.299999999995,
    2216.449999999995
  ],
  "total_energy": [
    11163.872315956516,
    11034.982469914226,
    11216.007355836295,
    10553.076017465126,
    10920.605093456179
  ]
}