{
  "work_energy": [
    10445.259231226235,
    10547.89370262648,
    10151.59932133087,
    10523.245560573792,
    10506.644084258609
  ],
  "idle_energy": [
    628.0017904714175,
    601.5020931037832,
    703.5019472669253,
    608.0012802724666,
    634.0018795281956
  ],
  "total_energy": [
    11073.261021697652,
    11149.395795730263,
    10855.101268597795,
    11131.24684084626,
    11140.645963786805
  ]
}