{
  "work_energy": [
    5281.493100956878,
    5393.910221298136,
    5339.088446842089,
    4965.642815823108,
    5107.216049792915
  ],
  "idle_energy": [
    644.0,
    577.0,
    658.5000000000001,
    602.9999999999999,
    642.5
  ],
  "total_energy": [
    5925.493100956878,
    5970.910221298136,
    5997.588446842089,
    5568.642815823108,
    5749.716049792915
  ]
}