{
  "work_energy": [
    5689.915461618378,
    5598.803410076088,
    5501.301291056458,
    3914.066633588801,
    5376.335143443796
  ],
  "idle_energy": [
    867.1006395857612,
    846.7227703208503,
    868.7530710234164,
    917.3557134038047,
    896.1820446752588
  ],
  "total_energy": [
    6557.016101204139,
    6445.526180396938,
    6370.054362079874,
    4831.4223469926055,
    6272.517188119055
  ]
}