{
  "work_energy": [
    8440.518130991866,
    8994.147253899395,
    9401.116697444779,
    8340.63142770298,
    8525.379742589348
  ],
  "idle_energy": [
    2263.4999999999936,
    2255.3999999999937,
    1992.6999999999964,
    2289.949999999994,
    2073.699999999996
  ],
  "total_energy": [
    10704.018130991859,
    11249.547253899389,
    11393.816697444776,
    10630.581427702973,
    10599.079742589343
  ]
}