{
  "work_energy": [
    10519.729347108894,
    10878.273529518447,
    10524.242421137125,
    11551.281777509885,
    8701.174194151856
  ],
  "idle_energy": [
    1356.5,
    1377.5,
    1393.5,
    1255.5,
    1442.0
  ],
  "total_energy": [
    11876.229347108894,
    12255.773529518447,
    11917.742421137125,
    12806.781777509885,
    10143.174194151856
  ]
}