{
  "work_energy": [
    1514.7149330226034,
    1538.013561196408,
    1834.6706162251817
  ],
  "idle_energy": [
    321.6266874896827,
    267.67652714997536,
    231.0933859185315
  ],
  "total_energy": [
    1836.3416205122862,
    1805.6900883463834,
    2065.7640021437132
  ]
}