{
  "work_energy": [
    11123.607847269068,
    7846.49203469026,
    10953.435256906958,
    11015.198999895298,
    11220.28002547977
  ],
  "idle_energy": [
    1727.8698734183783,
    1792.9036797340325,
    1727.385880542804,
    1724.371361099059,
    1677.1548789126587
  ],
  "total_energy": [
    12851.477720687446,
    9639.395714424292,
    12680.821137449762,
    12739.570360994356,
    12897.434904392429
  ]
}