{
  "work_energy": [
    5229.459890347195,
    5203.7499180475415,
    5668.84168344645,
    5116.963322368157,
    4868.095279816916
  ],
  "idle_energy": [
    525.005809060493,
    581.5071706775904,
    443.510310591691,
    545.5073390408725,
    587.0087795814188
  ],
  "total_energy": [
    5754.465699407689,
    5785.257088725132,
    6112.351994038141,
    5662.470661409029,
    5455.104059398335
  ]
}