{
  "work_energy": [
    4138.9351159993785,
    4498.075697637297,
    4602.845091124199,
    4504.832762718594,
    4106.207958834718
  ],
  "idle_energy": [
    1098.7000000000007,
    996.8000000000004,
    964.7000000000003,
    982.2000000000007,
    1100.1000000000001
  ],
  "total_energy": [
    5237.635115999379,
    5494.875697637297,
    5567.545091124199,
    5487.032762718594,
    5206.307958834718
  ]
}