{
  "work_energy": [
    1607.365931357872,
    1613.2819099054561,
    1996.822285679298
  ],
  "idle_energy": [
    143.50000000000003,
    125.50000000000004,
    111.49999999999999
  ],
  "total_energy": [
    1750.865931357872,
    1738.7819099054561,
    2108.3222856792977
  ]
}