{
  "timestamp": "20260113_210642",
  "device": "cuda",
  "num_train_episodes": 3,
  "num_test_steps": 100,
  "scales": {
    "City_3_5": {
      "training": {
        "scale_name": "City_3_5",
        "num_intersections": 15,
        "state_size": 105,
        "action_size": 30,
        "training_time": 78.4797158241272,
        "final_avg_reward": -16960.14444444445,
        "final_avg_travel_time": 1765.7517592592594,
        "model_path": "/home/one/Project/LIRL/LIRL-CPS-main/CityFlow/outputs/scale_benchmark/scale_benchmark_20260113_210642/City_3_5/model.pt"
      },
      "timing": {
        "scale_name": "City_3_5",
        "num_intersections": 15,
        "num_steps": 100,
        "device": "cuda",
        "timing_stats": {
          "nn_inference": {
            "mean": 0.9229924611281604,
            "std": 0.6259272056995778,
            "min": 0.4596990766003728,
            "max": 2.9971511103212833,
            "count": 100
          },
          "discrete_mapping": {
            "mean": 0.16478881589137018,
            "std": 0.03495429952626577,
            "min": 0.1018670154735446,
            "max": 0.30154280830174685,
            "count": 100
          },
          "continuous_mapping": {
            "mean": 0.13555175042711198,
            "std": 0.02286898300166855,
            "min": 0.11729402467608452,
            "max": 0.20792614668607712,
            "count": 100
          },
          "projection": {
            "mean": 0.4916631767991931,
            "std": 0.08883351891618392,
            "min": 0.36666402593255043,
            "max": 0.8396899793297052,
            "count": 100
          },
          "total_decision": {
            "mean": 1.4255322585813701,
            "std": 0.6507784891127452,
            "min": 0.8995480602607131,
            "max": 3.554315189830959,
            "count": 100
          }
        }
      }
    }
  }
}