{
  "work_energy": [
    1858.633651423432,
    1657.0125370340409,
    1701.823938485153
  ],
  "idle_energy": [
    150.0,
    143.00000000000006,
    179.00000000000006
  ],
  "total_energy": [
    2008.633651423432,
    1800.0125370340409,
    1880.823938485153
  ]
}