{
  "work_energy": [
    5756.498566433786,
    5223.4063898706745,
    5484.413539951582,
    4829.905631342422,
    4793.126507114656
  ],
  "idle_energy": [
    798.9999999999998,
    883.0,
    847.9999999999998,
    862.4999999999998,
    889.9999999999999
  ],
  "total_energy": [
    6555.498566433786,
    6106.4063898706745,
    6332.413539951582,
    5692.405631342422,
    5683.126507114656
  ]
}