{
  "work_energy": [
    5437.978281242047,
    4874.886677584992,
    5036.821327571894,
    5425.597713760329,
    5312.066634553861
  ],
  "idle_energy": [
    609.4999999999995,
    687.9999999999995,
    677.4999999999998,
    637.4999999999994,
    609.9999999999998
  ],
  "total_energy": [
    6047.478281242047,
    5562.886677584991,
    5714.321327571894,
    6063.097713760328,
    5922.066634553861
  ]
}