{
  "work_energy": [
    11127.767045867358,
    7849.420546815403,
    11040.818350049722,
    10933.191025597409,
    11220.680521224307
  ],
  "idle_energy": [
    1725.99454115718,
    1790.9471723698866,
    1715.032374958375,
    1733.0112800893185,
    1674.9924574538911
  ],
  "total_energy": [
    12853.761587024539,
    9640.36771918529,
    12755.850725008097,
    12666.202305686727,
    12895.672978678198
  ]
}