{
  "work_energy": [
    1194.5625715730212,
    1560.4989212914152,
    1615.1178323983997
  ],
  "idle_energy": [
    369.5,
    279.49999999999994,
    201.10000000000008
  ],
  "total_energy": [
    1564.0625715730212,
    1839.9989212914152,
    1816.2178323983999
  ]
}