{
  "work_energy": [
    5402.506327981298,
    5303.427796692045,
    4424.272507275269,
    5287.9481586208985,
    5258.0281609136155
  ],
  "idle_energy": [
    909.0364753283535,
    964.6966061315611,
    935.432928183942,
    920.0302779449781,
    869.7677971262198
  ],
  "total_energy": [
    6311.542803309652,
    6268.124402823607,
    5359.705435459211,
    6207.978436565877,
    6127.795958039836
  ]
}