{
  "work_energy": [
    3915.20310403134,
    5599.098359614777,
    5400.843721534405,
    5479.5438249439085,
    5692.661624588686
  ],
  "idle_energy": [
    916.0000000000001,
    845.5,
    887.5000000000001,
    875.0000000000001,
    866.0000000000002
  ],
  "total_energy": [
    4831.20310403134,
    6444.598359614777,
    6288.343721534405,
    6354.5438249439085,
    6558.661624588686
  ]
}