{
  "work_energy": [
    1770.0156458942436,
    1816.1079191831595,
    1414.5291871217598
  ],
  "idle_energy": [
    255.05358072887424,
    173.04238216548066,
    307.32633028697654
  ],
  "total_energy": [
    2025.0692266231179,
    1989.1503013486401,
    1721.8555174087364
  ]
}