{
  "timestamp": "2026-01-14 11:41:38",
  "environment": "Platform-v0",
  "episodes": 20000,
  "num_seeds": 1,
  "seeds": [
    0
  ],
  "algorithms": {
    "LIRL": {
      "aggregated_metrics": {
        "mean_return": 0.6562689506187912,
        "std_return": 0.0,
        "last_100_mean": 0.8609026265534634,
        "last_100_std": 0.0,
        "max_return": 1.0000000000000002,
        "min_return": 0.0,
        "num_seeds": 1
      },
      "mean_training_time": 2643.467418909073,
      "std_training_time": 0.0,
      "num_successful_seeds": 1,
      "seed_metrics": [
        {
          "mean_return": 0.6562689506187912,
          "std_return": 0.3090842618401202,
          "last_100_mean": 0.8609026265534634,
          "last_100_std": 0.23659214771321938,
          "max_return": 1.0000000000000002,
          "min_return": 0.0,
          "median_return": 0.7710170166802018,
          "seed": 0,
          "training_time": 2643.467418909073
        }
      ]
    },
    "PADDPG": {
      "aggregated_metrics": {
        "mean_return": 0.28459365482628346,
        "std_return": 0.0,
        "last_100_mean": 0.2895184508190406,
        "last_100_std": 0.0,
        "max_return": 1.0,
        "min_return": 0.0,
        "num_seeds": 1
      },
      "mean_training_time": 437.5701103210449,
      "std_training_time": 0.0,
      "num_successful_seeds": 1,
      "seed_metrics": [
        {
          "mean_return": 0.28459365482628346,
          "std_return": 0.06514354021770835,
          "last_100_mean": 0.2895184508190406,
          "last_100_std": 0.02922948851719633,
          "max_return": 1.0,
          "min_return": 0.0,
          "median_return": 0.30199326938222254,
          "seed": 0,
          "training_time": 437.5701103210449
        }
      ]
    },
    "PDQN": {
      "aggregated_metrics": {
        "mean_return": 0.6190876636890768,
        "std_return": 0.0,
        "last_100_mean": 0.49352625333382527,
        "last_100_std": 0.0,
        "max_return": 1.0000000000000002,
        "min_return": 0.0,
        "num_seeds": 1
      },
      "mean_training_time": 694.7615673542023,
      "std_training_time": 0.0,
      "num_successful_seeds": 1,
      "seed_metrics": [
        {
          "mean_return": 0.6190876636890768,
          "std_return": 0.3181416068404815,
          "last_100_mean": 0.49352625333382527,
          "last_100_std": 0.1741518339673277,
          "max_return": 1.0000000000000002,
          "min_return": 0.0,
          "median_return": 0.43934856318421794,
          "seed": 0,
          "training_time": 694.7615673542023
        }
      ]
    },
    "QPAMDP": {
      "aggregated_metrics": {
        "mean_return": 0.39142444667239434,
        "std_return": 0.0,
        "last_100_mean": 0.3683231453747895,
        "last_100_std": 0.0,
        "max_return": 0.7516482862208825,
        "min_return": 0.0,
        "num_seeds": 1
      },
      "mean_training_time": 305.3115665912628,
      "std_training_time": 0.0,
      "num_successful_seeds": 1,
      "seed_metrics": [
        {
          "mean_return": 0.39142444667239434,
          "std_return": 0.07017794008142066,
          "last_100_mean": 0.3683231453747895,
          "last_100_std": 0.01691238033291291,
          "max_return": 0.7516482862208825,
          "min_return": 0.0,
          "median_return": 0.40622970995536467,
          "seed": 0,
          "training_time": 305.3115665912628
        }
      ]
    }
  }
}