{
  "work_energy": [
    1748.9700681544496,
    1705.6461844533517,
    1762.8538743348245
  ],
  "idle_energy": [
    244.99999999999997,
    285.00000000000006,
    162.5
  ],
  "total_energy": [
    1993.9700681544496,
    1990.6461844533517,
    1925.3538743348245
  ]
}