{
  "work_energy": [
    5534.466889055241,
    4665.508792393669,
    5135.65876926505,
    5347.018108170227,
    5404.698075828938
  ],
  "idle_energy": [
    670.4999999999998,
    724.5,
    670.4999999999998,
    691.9999999999995,
    657.4999999999999
  ],
  "total_energy": [
    6204.966889055241,
    5390.008792393669,
    5806.15876926505,
    6039.018108170227,
    6062.198075828938
  ]
}