{
  "work_energy": [
    2764.7647335668275,
    2978.8919136431136,
    2996.702003315732
  ],
  "idle_energy": [
    581.1000000000004,
    553.8000000000005,
    451.4500000000005
  ],
  "total_energy": [
    3345.864733566828,
    3532.6919136431143,
    3448.152003315732
  ]
}