{
  "work_energy": [
    8224.869599264555,
    8634.456278655449,
    8969.52694570496,
    8640.487299133076,
    9232.453129870324
  ],
  "idle_energy": [
    2422.9499999999935,
    2437.8999999999915,
    2393.599999999992,
    2385.7499999999945,
    2281.049999999994
  ],
  "total_energy": [
    10647.819599264549,
    11072.35627865544,
    11363.126945704953,
    11026.23729913307,
    11513.503129870318
  ]
}