{
  "work_energy": [
    4829.135868255601,
    4534.014737782558,
    4888.084601083214,
    4171.492976864379,
    4263.059645397537
  ],
  "idle_energy": [
    1919.2515135556464,
    2079.0433971285834,
    1834.460401803256,
    2088.255559757353,
    2143.396375730634
  ],
  "total_energy": [
    6748.387381811248,
    6613.058134911142,
    6722.54500288647,
    6259.748536621732,
    6406.456021128171
  ]
}