{
  "work_energy": [
    10484.772891730572,
    10799.591308033141,
    10539.513410888221,
    10131.16640870092,
    10219.657250073376
  ],
  "idle_energy": [
    976.9999999999999,
    883.9999999999998,
    965.0,
    935.4999999999995,
    955.9999999999993
  ],
  "total_energy": [
    11461.772891730572,
    11683.591308033141,
    11504.513410888221,
    11066.66640870092,
    11175.657250073376
  ]
}