{
  "work_energy": [
    3374.542847097919,
    3392.0022985750206,
    3402.9472054765793
  ],
  "idle_energy": [
    429.7133805387425,
    347.84974160033755,
    430.9284281071161
  ],
  "total_energy": [
    3804.2562276366616,
    3739.852040175358,
    3833.875633583695
  ]
}