{
  "Original": {
    "evaluation": {
      "mean_reward": 10287.433333333323,
      "std_reward": 1.8189894035458565e-12,
      "mean_travel_time": 1518.1680555555556,
      "std_travel_time": 0.0,
      "mean_throughput": 23918.0,
      "std_throughput": 0.0,
      "mean_violations": 0.0,
      "std_violations": 0.0,
      "mean_violation_rate": 0.0,
      "std_violation_rate": 0.0,
      "all_rewards": [
        10287.433333333325,
        10287.433333333325,
        10287.433333333325,
        10287.433333333325,
        10287.433333333325,
        10287.433333333325,
        10287.433333333325,
        10287.433333333325,
        10287.433333333325,
        10287.433333333325
      ],
      "all_travel_times": [
        1518.1680555555556,
        1518.1680555555556,
        1518.1680555555556,
        1518.1680555555556,
        1518.1680555555556,
        1518.1680555555556,
        1518.1680555555556,
        1518.1680555555556,
        1518.1680555555556,
        1518.1680555555556
      ],
      "all_throughputs": [
        23918,
        23918,
        23918,
        23918,
        23918,
        23918,
        23918,
        23918,
        23918,
        23918
      ],
      "all_violations": [
        0,
        0,
        0,
        0,
        0,
        0,
        0,
        0,
        0,
        0
      ],
      "all_violation_rates": [
        0.0,
        0.0,
        0.0,
        0.0,
        0.0,
        0.0,
        0.0,
        0.0,
        0.0,
        0.0
      ]
    },
    "description": "Pre-trained model performance in original environment"
  },
  "Constrained (No Retrain)": {
    "evaluation": {
      "mean_reward": -3506.7333333333327,
      "std_reward": 0.0,
      "mean_travel_time": 1633.4053472222222,
      "std_travel_time": 0.0,
      "mean_throughput": 14643.0,
      "std_throughput": 0.0,
      "mean_violations": 0.0,
      "std_violations": 0.0,
      "mean_violation_rate": 0.0,
      "std_violation_rate": 0.0,
      "all_rewards": [
        -3506.7333333333327,
        -3506.7333333333327,
        -3506.7333333333327,
        -3506.7333333333327,
        -3506.7333333333327,
        -3506.7333333333327,
        -3506.7333333333327,
        -3506.7333333333327,
        -3506.7333333333327,
        -3506.7333333333327
      ],
      "all_travel_times": [
        1633.4053472222222,
        1633.4053472222222,
        1633.4053472222222,
        1633.4053472222222,
        1633.4053472222222,
        1633.4053472222222,
        1633.4053472222222,
        1633.4053472222222,
        1633.4053472222222,
        1633.4053472222222
      ],
      "all_throughputs": [
        14643,
        14643,
        14643,
        14643,
        14643,
        14643,
        14643,
        14643,
        14643,
        14643
      ],
      "all_violations": [
        0,
        0,
        0,
        0,
        0,
        0,
        0,
        0,
        0,
        0
      ],
      "all_violation_rates": [
        0.0,
        0.0,
        0.0,
        0.0,
        0.0,
        0.0,
        0.0,
        0.0,
        0.0,
        0.0
      ]
    },
    "description": "Accident at intersection_1_1, only modified action projection"
  },
  "Constrained (Transfer)": {
    "evaluation": {
      "mean_reward": 12604.500000000002,
      "std_reward": 0.0,
      "mean_travel_time": 1493.4383333333333,
      "std_travel_time": 0.0,
      "mean_throughput": 26185.0,
      "std_throughput": 0.0,
      "mean_violations": 0.0,
      "std_violations": 0.0,
      "mean_violation_rate": 0.0,
      "std_violation_rate": 0.0,
      "all_rewards": [
        12604.500000000002,
        12604.500000000002,
        12604.500000000002,
        12604.500000000002,
        12604.500000000002,
        12604.500000000002,
        12604.500000000002,
        12604.500000000002,
        12604.500000000002,
        12604.500000000002
      ],
      "all_travel_times": [
        1493.4383333333333,
        1493.4383333333333,
        1493.4383333333333,
        1493.4383333333333,
        1493.4383333333333,
        1493.4383333333333,
        1493.4383333333333,
        1493.4383333333333,
        1493.4383333333333,
        1493.4383333333333
      ],
      "all_throughputs": [
        26185,
        26185,
        26185,
        26185,
        26185,
        26185,
        26185,
        26185,
        26185,
        26185
      ],
      "all_violations": [
        0,
        0,
        0,
        0,
        0,
        0,
        0,
        0,
        0,
        0
      ],
      "all_violation_rates": [
        0.0,
        0.0,
        0.0,
        0.0,
        0.0,
        0.0,
        0.0,
        0.0,
        0.0,
        0.0
      ]
    },
    "transfer_learning": {
      "episode_rewards": [
        -15160.066666666666,
        -20983.866666666658,
        -17624.266666666663,
        -20217.13333333329,
        -16991.100000000006,
        -18021.33333333336,
        -13702.766666666636,
        -12176.500000000004,
        -18014.933333333316,
        -17045.60000000002,
        -19235.066666666688,
        -14865.433333333316,
        -17829.06666666666,
        -18218.43333333335,
        -7725.200000000004,
        -8933.366666666663,
        -21320.066666666637,
        -15460.133333333351,
        -7218.466666666664,
        -11918.933333333332,
        -7383.53333333333,
        -11810.23333333333,
        -10012.066666666658,
        -13619.000000000027,
        -16767.400000000005,
        -11020.733333333324,
        -19837.866666666687,
        -10898.9,
        -12828.466666666676,
        -5514.266666666661,
        -12981.166666666662,
        -12807.366666666645,
        -16453.93333333337,
        -9466.233333333343,
        -17458.16666666669,
        -16820.300000000017,
        -12781.233333333317,
        -4615.633333333335,
        -9321.466666666665,
        -13165.166666666666,
        -17212.233333333355,
        -5488.333333333332,
        -2756.4333333333398,
        -8270.533333333336,
        -15655.866666666683,
        2312.5666666666675,
        -7084.100000000005,
        -4735.5000000000055,
        -2559.999999999998,
        -6514.766666666663,
        -13575.93333333333,
        4027.7333333333363,
        -13307.400000000023,
        -833.7666666666659,
        6604.733333333336,
        3712.7333333333463,
        -7613.599999999999,
        -15526.7,
        2719.8666666666677,
        71.63333333333367,
        2009.366666666668,
        -5793.566666666665,
        6506.766666666683,
        -3975.6999999999975,
        8893.933333333338,
        6946.200000000002,
        9429.833333333341,
        12079.900000000003,
        12591.500000000002,
        12437.200000000003,
        11334.466666666669,
        12604.500000000002,
        12559.366666666667,
        12604.500000000002,
        12604.500000000002,
        12604.500000000002,
        12604.500000000002,
        12604.500000000002,
        12604.500000000002,
        12604.500000000002,
        12584.566666666671,
        12604.500000000002,
        12508.600000000008,
        12604.500000000002,
        12584.56666666667,
        12604.500000000002,
        12071.166666666672,
        12604.500000000002,
        12415.000000000005,
        12604.500000000002,
        12604.500000000002,
        12604.500000000002
      ],