{
  "work_energy": [
    11128.474822403996,
    7850.208274506572,
    11041.20325583802,
    10933.704876736128,
    11221.11003994148
  ],
  "idle_energy": [
    1726.0000000000002,
    1791.0000000000002,
    1715.0,
    1733.0,
    1675.0
  ],
  "total_energy": [
    12854.474822403996,
    9641.208274506573,
    12756.20325583802,
    12666.704876736128,
    12896.11003994148
  ]
}