{
  "work_energy": [
    3479.9990257594754,
    3313.1636371977625,
    3641.7775909280103
  ],
  "idle_energy": [
    405.5,
    421.99999999999994,
    216.9999999999999
  ],
  "total_energy": [
    3885.4990257594754,
    3735.1636371977625,
    3858.7775909280103
  ]
}