{
  "work_energy": [
    3491.717627772759,
    3407.4368176554513,
    3535.785808457038
  ],
  "idle_energy": [
    272.9999999999998,
    283.4999999999999,
    327.4999999999999
  ],
  "total_energy": [
    3764.7176277727585,
    3690.9368176554513,
    3863.285808457038
  ]
}