{
  "work_energy": [
    5206.733459619061,
    5252.439603223543,
    5281.796143729957,
    5134.64352929228,
    5211.737898848284
  ],
  "idle_energy": [
    549.4999999999999,
    569.9999999999999,
    594.4999999999998,
    568.9999999999999,
    564.5
  ],
  "total_energy": [
    5756.233459619061,
    5822.439603223543,
    5876.296143729957,
    5703.64352929228,
    5776.237898848284
  ]
}