{
  "work_energy": [
    8989.665190594369,
    9013.33783125352,
    8805.571233194265,
    7812.984395811366,
    9080.234601774846
  ],
  "idle_energy": [
    1815.0499999999934,
    1768.8499999999963,
    1945.3499999999935,
    2167.899999999993,
    1795.599999999996
  ],
  "total_energy": [
    10804.715190594363,
    10782.187831253517,
    10750.921233194258,
    9980.88439581136,
    10875.834601774843
  ]
}