{
  "work_energy": [
    3032.2488369817384,
    2636.5129720428918,
    3071.596841501043
  ],
  "idle_energy": [
    354.95000000000005,
    495.45000000000016,
    388.70000000000005
  ],
  "total_energy": [
    3387.198836981738,
    3131.962972042892,
    3460.2968415010428
  ]
}