{
  "work_energy": [
    3425.4458322381874,
    3431.627360413156,
    3495.88346506207
  ],
  "idle_energy": [
    548.9107881256589,
    532.5389140936225,
    250.1005595948842
  ],
  "total_energy": [
    3974.3566203638466,
    3964.166274506779,
    3745.9840246569543
  ]
}