{
  "work_energy": [
    4643.356692227835,
    4071.3509182819903,
    4435.669891082549,
    4189.935776185495,
    4510.583348536315
  ],
  "idle_energy": [
    934.1500000000008,
    1068.050000000001,
    971.7500000000013,
    1006.8000000000009,
    901.0000000000002
  ],
  "total_energy": [
    5577.506692227836,
    5139.400918281992,
    5407.41989108255,
    5196.735776185496,
    5411.583348536315
  ]
}