{
  "work_energy": [
    3421.30274191164,
    3504.771020649953,
    3508.8664913236553
  ],
  "idle_energy": [
    234.49999999999994,
    241.49999999999994,
    255.00000000000006
  ],
  "total_energy": [
    3655.80274191164,
    3746.271020649953,
    3763.8664913236553
  ]
}