{
  "work_energy": [
    4647.685721447652,
    4028.8818174157614,
    4547.180997754459,
    3828.505742329969,
    4798.642347366343
  ],
  "idle_energy": [
    1159.0500000000002,
    1333.2500000000002,
    1210.3500000000008,
    1386.0500000000002,
    1094.8000000000004
  ],
  "total_energy": [
    5806.735721447652,
    5362.131817415761,
    5757.53099775446,
    5214.555742329969,
    5893.442347366343
  ]
}