{
  "work_energy": [
    3593.3310518942044,
    3392.9112096467406,
    3448.697992344303
  ],
  "idle_energy": [
    207.9999999999999,
    253.49999999999994,
    228.99999999999991
  ],
  "total_energy": [
    3801.3310518942044,
    3646.4112096467406,
    3677.697992344303
  ]
}