{
  "work_energy": [
    2832.7582897375873,
    3021.997654182105,
    2885.602706605981
  ],
  "idle_energy": [
    793.5000000000003,
    571.8000000000004,
    735.4000000000005
  ],
  "total_energy": [
    3626.258289737588,
    3593.7976541821054,
    3621.0027066059815
  ]
}